ESPANOL	TRADUCTOR	VOZ	Palabra sugerida 	hablante 
Abuela	Tsǘ	https://raw.githubusercontent.com/damaonihokani-cyber/voz-Ixtenco/main/abuela.mp3	equipo Dämäʼó̱ni	Doña Esperanza Yonca Gaspar
Abuelo	Dä̀ta	https://raw.githubusercontent.com/damaonihokani-cyber/voz-Ixtenco/main/abuelo.mp3	equipo Dämäʼó̱ni	Doña Esperanza Yonca Gaspar
Aceite	ʼAsǐdi	https://pub-90a8c1bca0f44f1d89fd678b0c2c0c9d.r2.dev/do%C3%B1a%20esperanza/aceite.mp3	equipo Dämäʼó̱ni	Doña Esperanza Yonca Gaspar
Adentro	Mbǒ	https://pub-90a8c1bca0f44f1d89fd678b0c2c0c9d.r2.dev/do%C3%B1a%20esperanza/adentro.mp3	equipo Dämäʼó̱ni	Doña Esperanza Yonca Gaspar
Agarrar	Thě̱	URL	equipo Dämäʼó̱ni	Doña Esperanza Yonca Gaspar
Aguacate	Tsʼóni	https://pub-90a8c1bca0f44f1d89fd678b0c2c0c9d.r2.dev/do%C3%B1a%20esperanza/aguacate.mp3	equipo Dämäʼó̱ni	Doña Esperanza Yonca Gaspar
Aguamiel	Tʼáphi	https://pub-90a8c1bca0f44f1d89fd678b0c2c0c9d.r2.dev/do%C3%B1a%20esperanza/aguamiel.mp3	equipo Dämäʼó̱ni	Doña Esperanza Yonca Gaspar
Águila	Nxù̱ni	https://pub-90a8c1bca0f44f1d89fd678b0c2c0c9d.r2.dev/do%C3%B1a%20esperanza/%C3%A1guila.mp3	equipo Dämäʼó̱ni	Doña Esperanza Yonca Gaspar
Agujero	ʼÓki	https://raw.githubusercontent.com/damaonihokani-cyber/voz-Ixtenco/main/agujero.mp3	equipo Dämäʼó̱ni	Doña Esperanza Yonca Gaspar
Ala	Hwá	https://raw.githubusercontent.com/damaonihokani-cyber/voz-Ixtenco/main/ala.mp3	equipo Dämäʼó̱ni	Doña Esperanza Yonca Gaspar
Almohada	Nhǚni 	https://raw.githubusercontent.com/damaonihokani-cyber/voz-Ixtenco/main/almohada.mp3	equipo Dämäʼó̱ni	Doña Esperanza Yonca Gaspar
caballo	Tǒ̱ge	https://raw.githubusercontent.com/damaonihokani-cyber/voz-Ixtenco/main/caballo.mp3	equipo Dämäʼó̱ni	Doña Esperanza Yonca Gaspar
alverjón	Dǒkhu̱‌	https://raw.githubusercontent.com/damaonihokani-cyber/voz-Ixtenco/main/alverj%C3%B3n.mp3	equipo Dämäʼó̱ni	Doña Esperanza Yonca Gaspar
Amarillo	Kʼáxtʼi	https://raw.githubusercontent.com/damaonihokani-cyber/voz-Ixtenco/main/amarillo.mp3	equipo Dämäʼó̱ni	Doña Esperanza Yonca Gaspar
Anillo	Mphòxo	URL	equipo Dämäʼó̱ni	Doña Esperanza Yonca Gaspar
Anillo	Ntʼóxo	https://pub-90a8c1bca0f44f1d89fd678b0c2c0c9d.r2.dev/do%C3%B1a%20esperanza/anillo.mp3	equipo Dämäʼó̱ni	Doña Esperanza Yonca Gaspar
Año	Khè̱ya	https://raw.githubusercontent.com/damaonihokani-cyber/voz-Ixtenco/main/a%C3%B1o.mp3	equipo Dämäʼó̱ni	Doña Esperanza Yonca Gaspar
Apúrate	Xǒ̱ni	URL	equipo Dämäʼó̱ni	Doña Esperanza Yonca Gaspar
Arado	Tʼàbi	https://raw.githubusercontent.com/damaonihokani-cyber/voz-Ixtenco/main/arado.mp3	equipo Dämäʼó̱ni	Doña Esperanza Yonca Gaspar
Araña	Méxe	https://pub-90a8c1bca0f44f1d89fd678b0c2c0c9d.r2.dev/do%C3%B1a%20esperanza/ara%C3%B1a.mp3	equipo Dämäʼó̱ni	Doña Esperanza Yonca Gaspar
Árbol	Zǎ	https://pub-90a8c1bca0f44f1d89fd678b0c2c0c9d.r2.dev/do%C3%B1a%20esperanza/%C3%A1rbol.mp3	equipo Dämäʼó̱ni	Doña Esperanza Yonca Gaspar
Arcoíris	ʼMè̱khu̱‌ni	https://pub-90a8c1bca0f44f1d89fd678b0c2c0c9d.r2.dev/do%C3%B1a%20esperanza/arcoiris.mp3	equipo Dämäʼó̱ni	Doña Esperanza Yonca Gaspar
Arena	ʼMòmü	https://pub-90a8c1bca0f44f1d89fd678b0c2c0c9d.r2.dev/do%C3%B1a%20esperanza/arena.mp3	equipo Dämäʼó̱ni	Doña Esperanza Yonca Gaspar
Arete	Tsʼu̱‌́ngü	https://raw.githubusercontent.com/damaonihokani-cyber/voz-Ixtenco/1e2d3a553b0b648dc958562175c2d555b35a9523/arete.mp3	equipo Dämäʼó̱ni	Doña Esperanza Yonca Gaspar
burro	’Ǎxnu	https://raw.githubusercontent.com/damaonihokani-cyber/voz-Ixtenco/1e2d3a553b0b648dc958562175c2d555b35a9523/asno.mp3	equipo Dämäʼó̱ni	Doña Esperanza Yonca Gaspar
Atole	tʼë̀i	https://raw.githubusercontent.com/damaonihokani-cyber/voz-Ixtenco/main/atole.mp3	equipo Dämäʼó̱ni	Doña Esperanza Yonca Gaspar
Aventador	Mhmä́spi 	https://pub-90a8c1bca0f44f1d89fd678b0c2c0c9d.r2.dev/do%C3%B1a%20esperanza/aventador.mp3	equipo Dämäʼó̱ni	Doña Esperanza Yonca Gaspar
Ayate	Rónkhwa	https://pub-90a8c1bca0f44f1d89fd678b0c2c0c9d.r2.dev/do%C3%B1a%20esperanza/ayate.mp3	equipo Dämäʼó̱ni	Doña Esperanza Yonca Gaspar
Ayúdalo	Phótsʼi	URL	equipo Dämäʼó̱ni	Doña Esperanza Yonca Gaspar
Azúcar	ʼAsǔga	https://pub-90a8c1bca0f44f1d89fd678b0c2c0c9d.r2.dev/do%C3%B1a%20esperanza/azucar.mp3	equipo Dämäʼó̱ni	Doña Esperanza Yonca Gaspar
Azucarera	Ntʼu̱‌ʼasǔga	https://pub-90a8c1bca0f44f1d89fd678b0c2c0c9d.r2.dev/do%C3%B1a%20esperanza/azucarera.mp3	equipo Dämäʼó̱ni	Doña Esperanza Yonca Gaspar
Bailar	Në̀i	https://pub-90a8c1bca0f44f1d89fd678b0c2c0c9d.r2.dev/do%C3%B1a%20esperanza/bailar.mp3	equipo Dämäʼó̱ni	Doña Esperanza Yonca Gaspar
Barba	Khu̱‌́ni	https://raw.githubusercontent.com/damaonihokani-cyber/voz-Ixtenco/1e2d3a553b0b648dc958562175c2d555b35a9523/barba.mp3	equipo Dämäʼó̱ni	Doña Esperanza Yonca Gaspar
Barbechar	Gwǎntsʼi	https://pub-90a8c1bca0f44f1d89fd678b0c2c0c9d.r2.dev/do%C3%B1a%20esperanza/barbechar.mp3	equipo Dämäʼó̱ni	Doña Esperanza Yonca Gaspar
Barriga	Tsʼu̱‌̌pho	https://pub-90a8c1bca0f44f1d89fd678b0c2c0c9d.r2.dev/do%C3%B1a%20esperanza/barriga.mp3	equipo Dämäʼó̱ni	Doña Esperanza Yonca Gaspar
Batea de madera	Hwànza	https://pub-90a8c1bca0f44f1d89fd678b0c2c0c9d.r2.dev/do%C3%B1a%20esperanza/batea%20de%20madera.mp3	equipo Dämäʼó̱ni	Doña Esperanza Yonca Gaspar
Bebé	ʼWé̱ne	https://pub-90a8c1bca0f44f1d89fd678b0c2c0c9d.r2.dev/do%C3%B1a%20esperanza/beb%C3%A9.mp3	equipo Dämäʼó̱ni	Doña Esperanza Yonca Gaspar
Tomar	Tsí	https://raw.githubusercontent.com/damaonihokani-cyber/voz-Ixtenco/main/tomar.mp3	equipo Dämäʼó̱ni	Doña Esperanza Yonca Gaspar
Bicol	ʼMàda	https://pub-90a8c1bca0f44f1d89fd678b0c2c0c9d.r2.dev/do%C3%B1a%20esperanza/bicol.mp3	equipo Dämäʼó̱ni	Doña Esperanza Yonca Gaspar
Blanco	Tʼǎxi	https://raw.githubusercontent.com/damaonihokani-cyber/voz-Ixtenco/main/blanco.mp3	equipo Dämäʼó̱ni	Doña Esperanza Yonca Gaspar
boca	Né	https://raw.githubusercontent.com/damaonihokani-cyber/voz-Ixtenco/main/boca.mp3	equipo Dämäʼó̱ni	Doña Esperanza Yonca Gaspar
Borrego	Dé̱ti	https://raw.githubusercontent.com/damaonihokani-cyber/voz-Ixtenco/main/borrego.mp3	equipo Dämäʼó̱ni	Doña Esperanza Yonca Gaspar
Botón	Ndu̱‌́ ʼtʼi	https://pub-90a8c1bca0f44f1d89fd678b0c2c0c9d.r2.dev/do%C3%B1a%20esperanza/bot%C3%B3n.mp3	equipo Dämäʼó̱ni	Doña Esperanza Yonca Gaspar
Bozal	Nthǘne	https://pub-90a8c1bca0f44f1d89fd678b0c2c0c9d.r2.dev/do%C3%B1a%20esperanza/bozal.mp3	equipo Dämäʼó̱ni	Doña Esperanza Yonca Gaspar
Brincar	Tshógi	https://pub-90a8c1bca0f44f1d89fd678b0c2c0c9d.r2.dev/do%C3%B1a%20esperanza/brincar.mp3	equipo Dämäʼó̱ni	Doña Esperanza Yonca Gaspar
Caballo	Tǒ̱ge	https://pub-90a8c1bca0f44f1d89fd678b0c2c0c9d.r2.dev/do%C3%B1a%20esperanza/caballo.mp3	equipo Dämäʼó̱ni	Doña Esperanza Yonca Gaspar
Cabello	Xtä́	https://raw.githubusercontent.com/damaonihokani-cyber/voz-Ixtenco/main/cabello.mp3	equipo Dämäʼó̱ni	Doña Esperanza Yonca Gaspar
Cabeza	Yä́	https://raw.githubusercontent.com/damaonihokani-cyber/voz-Ixtenco/main/OT_IXT_TLAX_Esperanza%20Yonca_cabeza.mp3	equipo Dämäʼó̱ni	Doña Esperanza Yonca Gaspar
Cajete	Máda	https://raw.githubusercontent.com/damaonihokani-cyber/voz-Ixtenco/main/cajete.mp3	equipo Dämäʼó̱ni	Doña Esperanza Yonca Gaspar
Calabaza	Mǘ	https://raw.githubusercontent.com/damaonihokani-cyber/voz-Ixtenco/main/calabaza.mp3	equipo Dämäʼó̱ni	Doña Esperanza Yonca Gaspar
Calcetín	Ntʼókwʼa	https://pub-90a8c1bca0f44f1d89fd678b0c2c0c9d.r2.dev/do%C3%B1a%20esperanza1/calcetin.mp3	equipo Dämäʼó̱ni	Doña Esperanza Yonca Gaspar
calor	Pá	https://raw.githubusercontent.com/damaonihokani-cyber/voz-Ixtenco/main/calor.mp3	equipo Dämäʼó̱ni	Doña Esperanza Yonca Gaspar
Calzón de manta	Nkhóʼkwʼa	https://pub-90a8c1bca0f44f1d89fd678b0c2c0c9d.r2.dev/do%C3%B1a%20esperanza/calz%C3%B3n%20de%20manta.mp3	equipo Dämäʼó̱ni	Doña Esperanza Yonca Gaspar
Camino	ʼYǚ	https://pub-90a8c1bca0f44f1d89fd678b0c2c0c9d.r2.dev/do%C3%B1a%20esperanza/camino.mp3	equipo Dämäʼó̱ni	Doña Esperanza Yonca Gaspar
Camote	Bó̱ʼkwʼä	https://raw.githubusercontent.com/damaonihokani-cyber/voz-Ixtenco/main/camote.mp3	equipo Dämäʼó̱ni	Doña Esperanza Yonca Gaspar
Campo	Hwä́hi	https://pub-90a8c1bca0f44f1d89fd678b0c2c0c9d.r2.dev/do%C3%B1a%20esperanza/campo.mp3	equipo Dämäʼó̱ni	Doña Esperanza Yonca Gaspar
Cantar	Tǚhü	https://pub-90a8c1bca0f44f1d89fd678b0c2c0c9d.r2.dev/do%C3%B1a%20esperanza/cantar.mp3	equipo Dämäʼó̱ni	Doña Esperanza Yonca Gaspar
Cántaro	Xó̱ni	https://raw.githubusercontent.com/damaonihokani-cyber/voz-Ixtenco/main/c%C3%A1ntaro.mp3	equipo Dämäʼó̱ni	Doña Esperanza Yonca Gaspar
Caña	Kʼáʼyo	https://pub-90a8c1bca0f44f1d89fd678b0c2c0c9d.r2.dev/do%C3%B1a%20esperanza/ca%C3%B1a.mp3	equipo Dämäʼó̱ni	Doña Esperanza Yonca Gaspar
Capulín	Dè̠se̱	https://raw.githubusercontent.com/damaonihokani-cyber/voz-Ixtenco/main/capul%C3%ADn.mp3	equipo Dämäʼó̱ni	Doña Esperanza Yonca Gaspar
Cara	Hmí	https://pub-90a8c1bca0f44f1d89fd678b0c2c0c9d.r2.dev/do%C3%B1a%20esperanza/cara.mp3	equipo Dämäʼó̱ni	Doña Esperanza Yonca Gaspar
Carbón	Thë́yä 	https://raw.githubusercontent.com/damaonihokani-cyber/voz-Ixtenco/main/carb%C3%B3n.mp3	equipo Dämäʼó̱ni	Doña Esperanza Yonca Gaspar
Carne	Ngǒ̱	https://raw.githubusercontent.com/damaonihokani-cyber/voz-Ixtenco/main/carne.mp3	equipo Dämäʼó̱ni	Doña Esperanza Yonca Gaspar
Carro	Nzǎru	https://raw.githubusercontent.com/damaonihokani-cyber/voz-Ixtenco/1e2d3a553b0b648dc958562175c2d555b35a9523/carro.mp3	equipo Dämäʼó̱ni	Doña Esperanza Yonca Gaspar
Casa	Ngǚ	https://raw.githubusercontent.com/damaonihokani-cyber/voz-Ixtenco/main/casa.mp3	equipo Dämäʼó̱ni	Doña Esperanza Yonca Gaspar
Cazuela	Gasewě̱ra	https://pub-90a8c1bca0f44f1d89fd678b0c2c0c9d.r2.dev/do%C3%B1a%20esperanza/cazuela.mp3	equipo Dämäʼó̱ni	Doña Esperanza Yonca Gaspar
Cebada	Sawǎra	https://pub-90a8c1bca0f44f1d89fd678b0c2c0c9d.r2.dev/do%C3%B1a%20esperanza/cebada.mp3	equipo Dämäʼó̱ni	Doña Esperanza Yonca Gaspar
Ceniza	ʼMòspi	https://pub-90a8c1bca0f44f1d89fd678b0c2c0c9d.r2.dev/do%C3%B1a%20esperanza/ceniza.mp3	equipo Dämäʼó̱ni	Doña Esperanza Yonca Gaspar
Ceñidor	Khu̱‌̀tʼi	https://raw.githubusercontent.com/damaonihokani-cyber/voz-Ixtenco/1e2d3a553b0b648dc958562175c2d555b35a9523/ce%C3%B1idor.mp3	equipo Dämäʼó̱ni	Doña Esperanza Yonca Gaspar
Cerro	Tʼo̱ʼho̱	https://pub-90a8c1bca0f44f1d89fd678b0c2c0c9d.r2.dev/do%C3%B1a%20esperanza/cerro.mp3	equipo Dämäʼó̱ni	Doña Esperanza Yonca Gaspar
Cielo	Mahë́tsʼi	https://pub-90a8c1bca0f44f1d89fd678b0c2c0c9d.r2.dev/do%C3%B1a%20esperanza/cielo.mp3	equipo Dämäʼó̱ni	Doña Esperanza Yonca Gaspar
Cigarro	ʼYu̱‌̀i	https://raw.githubusercontent.com/damaonihokani-cyber/voz-Ixtenco/main/cigarro.mp3	equipo Dämäʼó̱ni	Doña Esperanza Yonca Gaspar
Cinco	Ku̱‌ʼta	https://raw.githubusercontent.com/damaonihokani-cyber/voz-Ixtenco/main/cinco.mp3	equipo Dämäʼó̱ni	Doña Esperanza Yonca Gaspar
Cobija	Xíʼyo	https://raw.githubusercontent.com/damaonihokani-cyber/voz-Ixtenco/main/cobija.mp3	equipo Dämäʼó̱ni	Doña Esperanza Yonca Gaspar
Cocina	Gosǐna	URL	equipo Dämäʼó̱ni	Doña Esperanza Yonca Gaspar
Codo	Yu̱‌̀ni	https://pub-90a8c1bca0f44f1d89fd678b0c2c0c9d.r2.dev/do%C3%B1a%20esperanza1/codo.mp3	equipo Dämäʼó̱ni	Doña Esperanza Yonca Gaspar
Collar	ʼMè̱de	https://raw.githubusercontent.com/damaonihokani-cyber/voz-Ixtenco/main/collar.mp3	equipo Dämäʼó̱ni	Doña Esperanza Yonca Gaspar
Comal	Dòʼyo	https://raw.githubusercontent.com/damaonihokani-cyber/voz-Ixtenco/main/comal.mp3	equipo Dämäʼó̱ni	Doña Esperanza Yonca Gaspar
Comida	Thu̱‌̀hu̱‌	https://pub-90a8c1bca0f44f1d89fd678b0c2c0c9d.r2.dev/do%C3%B1a%20esperanza1/comida.mp3	equipo Dämäʼó̱ni	Doña Esperanza Yonca Gaspar
Conejo	Khwá	https://raw.githubusercontent.com/damaonihokani-cyber/voz-Ixtenco/main/conejo.mp3	equipo Dämäʼó̱ni	Doña Esperanza Yonca Gaspar
Contar	Pède	https://raw.githubusercontent.com/damaonihokani-cyber/voz-Ixtenco/main/contar.mp3	equipo Dämäʼó̱ni	Doña Esperanza Yonca Gaspar
Coser	ʼWé̱di	https://raw.githubusercontent.com/damaonihokani-cyber/voz-Ixtenco/main/coser.mp3	equipo Dämäʼó̱ni	Doña Esperanza Yonca Gaspar
Costal	Gǔxtha	https://raw.githubusercontent.com/damaonihokani-cyber/voz-Ixtenco/1e2d3a553b0b648dc958562175c2d555b35a9523/costal.mp3	equipo Dämäʼó̱ni	Doña Esperanza Yonca Gaspar
chiquihuite	ʼMò̱tsʼe	https://pub-90a8c1bca0f44f1d89fd678b0c2c0c9d.r2.dev/do%C3%B1a%20esperanza1/chiquihuite.mp3	equipo Dämäʼó̱ni	Doña Esperanza Yonca Gaspar
Cruzar	ʼRǎni	https://pub-90a8c1bca0f44f1d89fd678b0c2c0c9d.r2.dev/do%C3%B1a%20esperanza1/cruzar.mp3	equipo Dämäʼó̱ni	Doña Esperanza Yonca Gaspar
Cuchara	Mǒgwa	https://pub-90a8c1bca0f44f1d89fd678b0c2c0c9d.r2.dev/do%C3%B1a%20esperanza1/cuchara.mp3	equipo Dämäʼó̱ni	Doña Esperanza Yonca Gaspar
Cucharón	Ndò̱te mǒgwa	https://pub-90a8c1bca0f44f1d89fd678b0c2c0c9d.r2.dev/do%C3%B1a%20esperanza1/cucharon.mp3	equipo Dämäʼó̱ni	Doña Esperanza Yonca Gaspar
Cuchillo	Kwhài	https://raw.githubusercontent.com/damaonihokani-cyber/voz-Ixtenco/main/cuchillo.mp3	equipo Dämäʼó̱ni	Doña Esperanza Yonca Gaspar
Chahuistle	ʼWë́	https://raw.githubusercontent.com/damaonihokani-cyber/voz-Ixtenco/main/chahuistle.mp3	equipo Dämäʼó̱ni	Doña Esperanza Yonca Gaspar
mono	Nzu̱‌̀ pa	URL	equipo Dämäʼó̱ni	Doña Esperanza Yonca Gaspar
Chapulín	Tʼä́xi	https://raw.githubusercontent.com/damaonihokani-cyber/voz-Ixtenco/main/chapul%C3%ADn.mp3	equipo Dämäʼó̱ni	Doña Esperanza Yonca Gaspar
Chayote	Xàmü	https://raw.githubusercontent.com/damaonihokani-cyber/voz-Ixtenco/main/chayote.mp3	equipo Dämäʼó̱ni	Doña Esperanza Yonca Gaspar
Chicle	Tsʼápo	https://raw.githubusercontent.com/damaonihokani-cyber/voz-Ixtenco/main/chicle.mp3	equipo Dämäʼó̱ni	Doña Esperanza Yonca Gaspar
Chicharrón	Pítʼi	https://raw.githubusercontent.com/damaonihokani-cyber/voz-Ixtenco/main/chicharr%C3%B3n.mp3	equipo Dämäʼó̱ni	Doña Esperanza Yonca Gaspar
Chinamite	Dóxo	https://raw.githubusercontent.com/damaonihokani-cyber/voz-Ixtenco/main/chinamite.mp3	equipo Dämäʼó̱ni	Doña Esperanza Yonca Gaspar
Chinche	Xä́ńwe̱	URL	equipo Dämäʼó̱ni	Doña Esperanza Yonca Gaspar
Chiquepextle	ʼMë̀thi	https://raw.githubusercontent.com/damaonihokani-cyber/voz-Ixtenco/main/chiquepextle.mp3	equipo Dämäʼó̱ni	Doña Esperanza Yonca Gaspar
Chiquito	Chité̱pi	https://pub-90a8c1bca0f44f1d89fd678b0c2c0c9d.r2.dev/do%C3%B1a%20esperanza1/chiquito.mp3	equipo Dämäʼó̱ni	Doña Esperanza Yonca Gaspar
Chismoso	Xínkwʼa	https://pub-90a8c1bca0f44f1d89fd678b0c2c0c9d.r2.dev/do%C3%B1a%20esperanza1/chismoso.mp3	equipo Dämäʼó̱ni	Doña Esperanza Yonca Gaspar
Dedo	Xǒ	https://pub-90a8c1bca0f44f1d89fd678b0c2c0c9d.r2.dev/do%C3%B1a%20esperanza1/dedo.mp3	equipo Dämäʼó̱ni	Doña Esperanza Yonca Gaspar
Dedo gordo	Yä́hmo	URL	equipo Dämäʼó̱ni	Doña Esperanza Yonca Gaspar
Dejar	Tsǒgi	https://pub-90a8c1bca0f44f1d89fd678b0c2c0c9d.r2.dev/do%C3%B1a%20esperanza1/dejar.mp3	equipo Dämäʼó̱ni	Doña Esperanza Yonca Gaspar
Diente	Tsʼìi	https://raw.githubusercontent.com/damaonihokani-cyber/voz-Ixtenco/main/OT_Ixtenco_Esperanza_Yonca_gel_diente.mp3	equipo Dämäʼó̱ni	Doña Esperanza Yonca Gaspar
Diez	ʼRé̱ tʼa	https://pub-90a8c1bca0f44f1d89fd678b0c2c0c9d.r2.dev/do%C3%B1a%20esperanza1/diez.mp3	equipo Dämäʼó̱ni	Doña Esperanza Yonca Gaspar
Dile	Xíphi	https://raw.githubusercontent.com/damaonihokani-cyber/voz-Ixtenco/main/OT_IXT_TLAX_Esperanza%20Yonca_dile.mp3	equipo Dämäʼó̱ni	Doña Esperanza Yonca Gaspar
Dinero	Tʼòpho	https://raw.githubusercontent.com/damaonihokani-cyber/voz-Ixtenco/main/dinero.mp3	equipo Dämäʼó̱ni	Doña Esperanza Yonca Gaspar
Dos	Yóho	https://pub-90a8c1bca0f44f1d89fd678b0c2c0c9d.r2.dev/do%C3%B1a%20esperanza1/dos.mp3	equipo Dämäʼó̱ni	Doña Esperanza Yonca Gaspar
Durazno	Nǎxnu	https://raw.githubusercontent.com/damaonihokani-cyber/voz-Ixtenco/1e2d3a553b0b648dc958562175c2d555b35a9523/durazno.mp3	equipo Dämäʼó̱ni	Doña Esperanza Yonca Gaspar
Enojo	Kwé̱	https://pub-90a8c1bca0f44f1d89fd678b0c2c0c9d.r2.dev/do%C3%B1a%20esperanza1/enojo%2Ccoraje.mp3	equipo Dämäʼó̱ni	Doña Esperanza Yonca Gaspar
Ensartar	Phòti	https://pub-90a8c1bca0f44f1d89fd678b0c2c0c9d.r2.dev/do%C3%B1a%20esperanza1/ensartar.mp3	equipo Dämäʼó̱ni	Doña Esperanza Yonca Gaspar
Envolver	Pòtsʼi	https://raw.githubusercontent.com/damaonihokani-cyber/voz-Ixtenco/main/envolver.mp3	equipo Dämäʼó̱ni	Doña Esperanza Yonca Gaspar
Epazote	Hoganʼä̀i	https://raw.githubusercontent.com/damaonihokani-cyber/voz-Ixtenco/main/epazote.mp3	equipo Dämäʼó̱ni	Doña Esperanza Yonca Gaspar
Escalera	Nirěde	https://pub-90a8c1bca0f44f1d89fd678b0c2c0c9d.r2.dev/do%C3%B1a%20esperanza1/escalera.mp3	equipo Dämäʼó̱ni	Doña Esperanza Yonca Gaspar
Escalón	Réndo	https://pub-90a8c1bca0f44f1d89fd678b0c2c0c9d.r2.dev/do%C3%B1a%20esperanza1/escalon.mp3	equipo Dämäʼó̱ni	Doña Esperanza Yonca Gaspar
Peine	Ntsháni	URL	equipo Dämäʼó̱ni	Doña Esperanza Yonca Gaspar
Escoba	ʼMàxi	https://pub-90a8c1bca0f44f1d89fd678b0c2c0c9d.r2.dev/do%C3%B1a%20esperanza1/escoba.mp3	equipo Dämäʼó̱ni	Doña Esperanza Yonca Gaspar
Escribir	ʼYòʼtʼi	https://raw.githubusercontent.com/damaonihokani-cyber/voz-Ixtenco/main/escribir.mp3	equipo Dämäʼó̱ni	Doña Esperanza Yonca Gaspar
Escupir	Tsògi	https://pub-90a8c1bca0f44f1d89fd678b0c2c0c9d.r2.dev/do%C3%B1a%20esperanza1/escupir.mp3	equipo Dämäʼó̱ni	Doña Esperanza Yonca Gaspar
Espejo	Nihyë̀i	https://raw.githubusercontent.com/damaonihokani-cyber/voz-Ixtenco/main/espejo.mp3	equipo Dämäʼó̱ni	Doña Esperanza Yonca Gaspar
Espina	ʼMíni	https://pub-90a8c1bca0f44f1d89fd678b0c2c0c9d.r2.dev/do%C3%B1a%20esperanza1/espina.mp3	equipo Dämäʼó̱ni	Doña Esperanza Yonca Gaspar
Espuma	Phu̱‌́gi	https://pub-90a8c1bca0f44f1d89fd678b0c2c0c9d.r2.dev/do%C3%B1a%20esperanza1/espuma.mp3	equipo Dämäʼó̱ni	Doña Esperanza Yonca Gaspar
Estafiate	Méphe	https://pub-90a8c1bca0f44f1d89fd678b0c2c0c9d.r2.dev/do%C3%B1a%20esperanza1/estafiate.mp3	equipo Dämäʼó̱ni	Doña Esperanza Yonca Gaspar
Estornudar	Hètsʼe	https://pub-90a8c1bca0f44f1d89fd678b0c2c0c9d.r2.dev/do%C3%B1a%20esperanza1/estornudo.mp3	equipo Dämäʼó̱ni	Doña Esperanza Yonca Gaspar
Estrella	Tsó̱	https://raw.githubusercontent.com/damaonihokani-cyber/voz-Ixtenco/f93bb866a2fe2fb54fc96ca15d5bcc4775034162/Estrella.mp3	equipo Dämäʼó̱ni	Doña Esperanza Yonca Gaspar
Excremento	Phǒho	https://pub-90a8c1bca0f44f1d89fd678b0c2c0c9d.r2.dev/do%C3%B1a%20esperanza1/excremento.mp3	equipo Dämäʼó̱ni	Doña Esperanza Yonca Gaspar
Exprimir	Tè̱ʼmi	https://raw.githubusercontent.com/damaonihokani-cyber/voz-Ixtenco/main/exprimir.mp3	equipo Dämäʼó̱ni	Doña Esperanza Yonca Gaspar
Falda	Ngó̱de	https://raw.githubusercontent.com/damaonihokani-cyber/voz-Ixtenco/main/falda%2C%20enagua.mp3	equipo Dämäʼó̱ni	Doña Esperanza Yonca Gaspar
gabán	mè̱ʼmi	https://raw.githubusercontent.com/damaonihokani-cyber/voz-Ixtenco/main/gab%C3%A1n%2Ccot%C3%B3n.mp3	equipo Dämäʼó̱ni	Doña Esperanza Yonca Gaspar
Flor	Dò̱ni	https://raw.githubusercontent.com/damaonihokani-cyber/voz-Ixtenco/main/flor.mp3	equipo Dämäʼó̱ni	Doña Esperanza Yonca Gaspar
Frente	Dë́	https://raw.githubusercontent.com/damaonihokani-cyber/voz-Ixtenco/main/OT_IXT_TLAX_Esperanza_Yonca_higado.mp3	equipo Dämäʼó̱ni	Doña Esperanza Yonca Gaspar
Frijol	Tsʼu̱‌̌nkhụ	https://pub-90a8c1bca0f44f1d89fd678b0c2c0c9d.r2.dev/do%C3%B1a%20esperanza1/frijol.mp3	equipo Dämäʼó̱ni	Doña Esperanza Yonca Gaspar
Frío	Tsé̱	https://raw.githubusercontent.com/damaonihokani-cyber/voz-Ixtenco/main/fr%C3%ADo.mp3	equipo Dämäʼó̱ni	Doña Esperanza Yonca Gaspar
Fuente	Zàbi	https://raw.githubusercontent.com/damaonihokani-cyber/voz-Ixtenco/main/fuente.mp3	equipo Dämäʼó̱ni	Doña Esperanza Yonca Gaspar
cotón	mè̱ʼmi	https://raw.githubusercontent.com/damaonihokani-cyber/voz-Ixtenco/main/cot%C3%B3n.mp3	equipo Dämäʼó̱ni	Doña Esperanza Yonca Gaspar
Gallina	Tsǚʼni	https://raw.githubusercontent.com/damaonihokani-cyber/voz-Ixtenco/main/gallina.mp3	equipo Dämäʼó̱ni	Doña Esperanza Yonca Gaspar
Gallo	Táʼni	https://raw.githubusercontent.com/damaonihokani-cyber/voz-Ixtenco/main/gallo.mp3	equipo Dämäʼó̱ni	Doña Esperanza Yonca Gaspar
Garganta	ʼYu̱‌̀ga	https://raw.githubusercontent.com/damaonihokani-cyber/voz-Ixtenco/1e2d3a553b0b648dc958562175c2d555b35a9523/garganta.mp3	equipo Dämäʼó̱ni	Doña Esperanza Yonca Gaspar
Gato	Mǐxtu	https://raw.githubusercontent.com/damaonihokani-cyber/voz-Ixtenco/1e2d3a553b0b648dc958562175c2d555b35a9523/gato.mp3	equipo Dämäʼó̱ni	Doña Esperanza Yonca Gaspar
Gavilán	Pè̱ntsʼu̱‌	https://raw.githubusercontent.com/damaonihokani-cyber/voz-Ixtenco/main/gavil%C3%A1n.mp3	equipo Dämäʼó̱ni	Doña Esperanza Yonca Gaspar
Grande	Ndò̱te	https://github.com/damaonihokani-cyber/voz-Ixtenco/raw/main/grande.mp3	equipo Dämäʼó̱ni	Doña Esperanza Yonca Gaspar
Grano	Tshä́xi	https://pub-90a8c1bca0f44f1d89fd678b0c2c0c9d.r2.dev/do%C3%B1a%20esperanza1/grano.mp3	equipo Dämäʼó̱ni	Doña Esperanza Yonca Gaspar
Grueso	Pǐdi	https://raw.githubusercontent.com/damaonihokani-cyber/voz-Ixtenco/main/grueso.mp3	equipo Dämäʼó̱ni	Doña Esperanza Yonca Gaspar
Habas	ʼǍwxi	URL	equipo Dämäʼó̱ni	Doña Esperanza Yonca Gaspar
Hamaca	Xḯtʼa	https://raw.githubusercontent.com/damaonihokani-cyber/voz-Ixtenco/main/hamaca.mp3	equipo Dämäʼó̱ni	Doña Esperanza Yonca Gaspar
Hermana	(dicho por mujer)Zíkü	https://raw.githubusercontent.com/damaonihokani-cyber/voz-Ixtenco/main/hermana.mp3	equipo Dämäʼó̱ni	Doña Esperanza Yonca Gaspar
Hermana	(dicho por hombre)Nkhǘ	URL	equipo Dämäʼó̱ni	Doña Esperanza Yonca Gaspar
Hermano	Dó̱tʼe	https://github.com/damaonihokani-cyber/voz-Ixtenco/raw/main/hermano.mp3	equipo Dämäʼó̱ni	Doña Esperanza Yonca Gaspar
Hierba	Kʼàni	https://pub-90a8c1bca0f44f1d89fd678b0c2c0c9d.r2.dev/do%C3%B1a%20esperanza1/hierba.mp3	equipo Dämäʼó̱ni	Doña Esperanza Yonca Gaspar
Hígado	Yǎ	https://raw.githubusercontent.com/damaonihokani-cyber/voz-Ixtenco/main/h%C3%ADgado.mp3	equipo Dämäʼó̱ni	Doña Esperanza Yonca Gaspar
Hipo	Kʼu̱‌́ tʼi	https://pub-90a8c1bca0f44f1d89fd678b0c2c0c9d.r2.dev/do%C3%B1a%20esperanza1/hipo.mp3	equipo Dämäʼó̱ni	Doña Esperanza Yonca Gaspar
Honda	Ntʼè̱ndo	https://pub-90a8c1bca0f44f1d89fd678b0c2c0c9d.r2.dev/do%C3%B1a%20esperanza1/honda.mp3	equipo Dämäʼó̱ni	Doña Esperanza Yonca Gaspar
Hongo	Khó	https://github.com/damaonihokani-cyber/voz-Ixtenco/raw/main/hongo.mp3	equipo Dämäʼó̱ni	Doña Esperanza Yonca Gaspar
Hormiga	Xä́khu̱‌	https://raw.githubusercontent.com/damaonihokani-cyber/voz-Ixtenco/main/hormiga.mp3	equipo Dämäʼó̱ni	Doña Esperanza Yonca Gaspar
Hoyo	Hyë̀i	https://raw.githubusercontent.com/damaonihokani-cyber/voz-Ixtenco/main/hoyo.mp3	equipo Dämäʼó̱ni	Doña Esperanza Yonca Gaspar
Hoz	Tʼè̱xu̱‌	https://pub-90a8c1bca0f44f1d89fd678b0c2c0c9d.r2.dev/do%C3%B1a%20esperanza1/hoz.mp3	equipo Dämäʼó̱ni	Doña Esperanza Yonca Gaspar
Huarache	Zé̱xthi	URL	equipo Dämäʼó̱ni	Doña Esperanza Yonca Gaspar
Huauzontle	Nyä̌kʼü	https://pub-90a8c1bca0f44f1d89fd678b0c2c0c9d.r2.dev/do%C3%B1a%20esperanza1/huarache.mp3	equipo Dämäʼó̱ni	Doña Esperanza Yonca Gaspar
Hueso	Dóʼyo	https://pub-90a8c1bca0f44f1d89fd678b0c2c0c9d.r2.dev/do%C3%B1a%20esperanza1/hueso.mp3	equipo Dämäʼó̱ni	Doña Esperanza Yonca Gaspar
Huevo	Dǒʼni	https://pub-90a8c1bca0f44f1d89fd678b0c2c0c9d.r2.dev/do%C3%B1a%20esperanza1/huevo.mp3	equipo Dämäʼó̱ni	Doña Esperanza Yonca Gaspar
Iglesia	Níkhä	https://pub-90a8c1bca0f44f1d89fd678b0c2c0c9d.r2.dev/do%C3%B1a%20esperanza1/iglesia.mp3	equipo Dämäʼó̱ni	Doña Esperanza Yonca Gaspar
tripas	Xèpho	URL	equipo Dämäʼó̱ni	Doña Esperanza Yonca Gaspar
Jaltomate	Bépe	https://github.com/damaonihokani-cyber/voz-Ixtenco/raw/main/jaltomate.mp3	equipo Dämäʼó̱ni	Doña Esperanza Yonca Gaspar
Jarro	Sǎru	https://raw.githubusercontent.com/damaonihokani-cyber/voz-Ixtenco/1e2d3a553b0b648dc958562175c2d555b35a9523/jarro.mp3	equipo Dämäʼó̱ni	Doña Esperanza Yonca Gaspar
Jícara	Xímo	https://pub-90a8c1bca0f44f1d89fd678b0c2c0c9d.r2.dev/do%C3%B1a%20esperanza1/j%C3%ADcara.mp3	equipo Dämäʼó̱ni	Doña Esperanza Yonca Gaspar
Juguete	Ntʼěni	https://pub-90a8c1bca0f44f1d89fd678b0c2c0c9d.r2.dev/do%C3%B1a%20esperanza1/juguete.mp3	equipo Dämäʼó̱ni	Doña Esperanza Yonca Gaspar
La arena	Ràʼmòmü	URL	equipo Dämäʼó̱ni	Doña Esperanza Yonca Gaspar
La cabeza	Ràyä́	url	equipo Dämäʼó̱ni	Doña Esperanza Yonca Gaspar
La casa	Rà ngǚ	URL	equipo Dämäʼó̱ni	Doña Esperanza Yonca Gaspar
La ceniza	Rà ʼmòspi	URL	equipo Dämäʼó̱ni	Doña Esperanza Yonca Gaspar
La escoba	Rà ʼmàxi	URL	equipo Dämäʼó̱ni	Doña Esperanza Yonca Gaspar
La estrella	Rà tsó̱	URL	equipo Dämäʼó̱ni	Doña Esperanza Yonca Gaspar
La flor	Rà dò̱ni	URL	equipo Dämäʼó̱ni	Doña Esperanza Yonca Gaspar
La gallina	Rà tsǚni	URL	equipo Dämäʼó̱ni	Doña Esperanza Yonca Gaspar
La lluvia	Rà ʼyě	URL	equipo Dämäʼó̱ni	Doña Esperanza Yonca Gaspar
La mano	Rà ʼyé̱	URL	equipo Dämäʼó̱ni	Doña Esperanza Yonca Gaspar
La naranja	Rà ʼǐxi	URL	equipo Dämäʼó̱ni	Doña Esperanza Yonca Gaspar
La pulga	Rà ʼó	URL	equipo Dämäʼó̱ni	Doña Esperanza Yonca Gaspar
Pus	’yá	https://raw.githubusercontent.com/damaonihokani-cyber/voz-Ixtenco/main/pus.mp3	equipo Dämäʼó̱ni	Doña Esperanza Yonca Gaspar
La raíz	Rà ʼyu̱‌̌	URL	equipo Dämäʼó̱ni	Doña Esperanza Yonca Gaspar
La sal	Rà ʼǘ	URL	equipo Dämäʼó̱ni	Doña Esperanza Yonca Gaspar
Lágrima	Gído	https://pub-90a8c1bca0f44f1d89fd678b0c2c0c9d.r2.dev/do%C3%B1a%20esperanza1/lagrima.mp3	equipo Dämäʼó̱ni	Doña Esperanza Yonca Gaspar
Lana	Bò̱xo	https://raw.githubusercontent.com/damaonihokani-cyber/voz-Ixtenco/main/lana.mp3	equipo Dämäʼó̱ni	Doña Esperanza Yonca Gaspar
Lavadero	Mʼè̱ni	URL	equipo Dämäʼó̱ni	Doña Esperanza Yonca Gaspar
Lazo	Xä́hi	URL	equipo Dämäʼó̱ni	Doña Esperanza Yonca Gaspar
Lengua	Khä̀ne	URL	equipo Dämäʼó̱ni	Doña Esperanza Yonca Gaspar
Lenteja	Ndé̱ro̱xi	URL	equipo Dämäʼó̱ni	Doña Esperanza Yonca Gaspar
Liebre	Dé	https://raw.githubusercontent.com/damaonihokani-cyber/voz-Ixtenco/main/liebre.mp3	equipo Dämäʼó̱ni	Doña Esperanza Yonca Gaspar
Liendre	Bò̱tʼo	https://raw.githubusercontent.com/damaonihokani-cyber/voz-Ixtenco/main/liendre.mp3	equipo Dämäʼó̱ni	Doña Esperanza Yonca Gaspar
Lombriz	Mé̱tse̱	URL	equipo Dämäʼó̱ni	Doña Esperanza Yonca Gaspar
Lumbre	Tsìbi	https://raw.githubusercontent.com/damaonihokani-cyber/voz-Ixtenco/main/fuego.mp3	equipo Dämäʼó̱ni	Doña Esperanza Yonca Gaspar
Luna	Zä̀nä	https://raw.githubusercontent.com/damaonihokani-cyber/voz-Ixtenco/main/luna.mp3	equipo Dämäʼó̱ni	Doña Esperanza Yonca Gaspar
Llano	ʼMátha	URL	equipo Dämäʼó̱ni	Doña Esperanza Yonca Gaspar
Llave	Ntshóki	https://raw.githubusercontent.com/damaonihokani-cyber/voz-Ixtenco/main/llave.mp3	equipo Dämäʼó̱ni	Doña Esperanza Yonca Gaspar
Llueve	Dinʼwä̀i	URL	equipo Dämäʼó̱ni	Doña Esperanza Yonca Gaspar
Lluvia	ʼYě	https://raw.githubusercontent.com/damaonihokani-cyber/voz-Ixtenco/main/lluvia.mp3	equipo Dämäʼó̱ni	Doña Esperanza Yonca Gaspar
Madrina	Měkhä	URL	equipo Dämäʼó̱ni	Doña Esperanza Yonca Gaspar
Maguey	ʼWàda	URL	equipo Dämäʼó̱ni	Doña Esperanza Yonca Gaspar
Maíz	Dè̱thä	https://github.com/damaonihokani-cyber/voz-Ixtenco/raw/main/ma%C3%ADz.mp3	equipo Dämäʼó̱ni	Doña Esperanza Yonca Gaspar
Mano	ʼYé̱	https://raw.githubusercontent.com/damaonihokani-cyber/voz-Ixtenco/main/mano.mp3	equipo Dämäʼó̱ni	Doña Esperanza Yonca Gaspar
Masa	Khù̱ni	https://raw.githubusercontent.com/damaonihokani-cyber/voz-Ixtenco/1e2d3a553b0b648dc958562175c2d555b35a9523/masa.mp3	equipo Dämäʼó̱ni	Doña Esperanza Yonca Gaspar
Mazorca	Thä́	https://raw.githubusercontent.com/damaonihokani-cyber/voz-Ixtenco/main/mazorca.mp3	equipo Dämäʼó̱ni	Doña Esperanza Yonca Gaspar
Mecapal	Ndë́	https://raw.githubusercontent.com/damaonihokani-cyber/voz-Ixtenco/main/mecapal.mp3	equipo Dämäʼó̱ni	Doña Esperanza Yonca Gaspar
Mercado	Nitòi	https://raw.githubusercontent.com/damaonihokani-cyber/voz-Ixtenco/main/mercado%2Cplaza.mp3	equipo Dämäʼó̱ni	Doña Esperanza Yonca Gaspar
Metate	Nikhu̱‌̌ni	https://raw.githubusercontent.com/damaonihokani-cyber/voz-Ixtenco/1e2d3a553b0b648dc958562175c2d555b35a9523/metate.mp3	equipo Dämäʼó̱ni	Doña Esperanza Yonca Gaspar
Milpa	Thǘhü	https://raw.githubusercontent.com/damaonihokani-cyber/voz-Ixtenco/main/milpa.mp3	equipo Dämäʼó̱ni	Doña Esperanza Yonca Gaspar
Molcajete	Màndo	https://raw.githubusercontent.com/damaonihokani-cyber/voz-Ixtenco/main/molcajete.mp3	equipo Dämäʼó̱ni	Doña Esperanza Yonca Gaspar
Moler	Ku̱‌̀ni	https://raw.githubusercontent.com/damaonihokani-cyber/voz-Ixtenco/main/moler.mp3	equipo Dämäʼó̱ni	Doña Esperanza Yonca Gaspar
Mollera	Ndë́hi	https://raw.githubusercontent.com/damaonihokani-cyber/voz-Ixtenco/main/mollera.mp3	equipo Dämäʼó̱ni	Doña Esperanza Yonca Gaspar
Mosca	Gǐnʼwë	URL	equipo Dämäʼó̱ni	Doña Esperanza Yonca Gaspar
Mudo	Góne	URL	equipo Dämäʼó̱ni	Doña Esperanza Yonca Gaspar
Muela	Tsʼáphi	URL	equipo Dämäʼó̱ni	Doña Esperanza Yonca Gaspar
Mujer	Xítsu	URL	equipo Dämäʼó̱ni	Doña Esperanza Yonca Gaspar
Mula	Pháni	https://raw.githubusercontent.com/damaonihokani-cyber/voz-Ixtenco/main/mula.mp3	equipo Dämäʼó̱ni	Doña Esperanza Yonca Gaspar
Naranja	ʼǏxi	https://raw.githubusercontent.com/damaonihokani-cyber/voz-Ixtenco/main/naranja%2C%20agrio.mp3	equipo Dämäʼó̱ni	Doña Esperanza Yonca Gaspar
Nariz	XìyÜ	https://raw.githubusercontent.com/damaonihokani-cyber/voz-Ixtenco/main/nariz.mp3	equipo Dämäʼó̱ni	Doña Esperanza Yonca Gaspar
Negro	Mbòi	https://raw.githubusercontent.com/damaonihokani-cyber/voz-Ixtenco/main/negro.mp3	equipo Dämäʼó̱ni	Doña Esperanza Yonca Gaspar
Nido	ʼMáphi	URL	equipo Dämäʼó̱ni	Doña Esperanza Yonca Gaspar
Nieto	ʼMé̱to	https://github.com/damaonihokani-cyber/voz-Ixtenco/raw/main/nieto.mp3	equipo Dämäʼó̱ni	Doña Esperanza Yonca Gaspar
Niño	Chígametsi	URL	equipo Dämäʼó̱ni	Doña Esperanza Yonca Gaspar
Nixtamal	Tshǜni	URL	equipo Dämäʼó̱ni	Doña Esperanza Yonca Gaspar
Noche	Xǜi	https://raw.githubusercontent.com/damaonihokani-cyber/voz-Ixtenco/main/noche.mp3	equipo Dämäʼó̱ni	Doña Esperanza Yonca Gaspar
Nopal	Xä́tʼä	https://raw.githubusercontent.com/damaonihokani-cyber/voz-Ixtenco/main/nopal.mp3	equipo Dämäʼó̱ni	Doña Esperanza Yonca Gaspar
Nube	Gǜi	https://raw.githubusercontent.com/damaonihokani-cyber/voz-Ixtenco/main/nube.mp3	equipo Dämäʼó̱ni	Doña Esperanza Yonca Gaspar
Nuevo	ʼRàʼyo	URL	equipo Dämäʼó̱ni	Doña Esperanza Yonca Gaspar
Ocho	Hÿ́to	URL	equipo Dämäʼó̱ni	Doña Esperanza Yonca Gaspar
Ojo	Dó	https://github.com/damaonihokani-cyber/voz-Ixtenco/raw/main/ojo.mp3	equipo Dämäʼó̱ni	Doña Esperanza Yonca Gaspar
Olla	Tsʼèe	https://github.com/damaonihokani-cyber/voz-Ixtenco/raw/main/olla.mp3	equipo Dämäʼó̱ni	Doña Esperanza Yonca Gaspar
Ombligo	Tsʼòi	URL	equipo Dämäʼó̱ni	Doña Esperanza Yonca Gaspar
Oreja	Gǘ	https://raw.githubusercontent.com/damaonihokani-cyber/voz-Ixtenco/main/oreja.mp3	equipo Dämäʼó̱ni	Doña Esperanza Yonca Gaspar
Pájaro	Ntsʼu̱‌	URL	equipo Dämäʼó̱ni	Doña Esperanza Yonca Gaspar
Pala	Bǎra	https://raw.githubusercontent.com/damaonihokani-cyber/voz-Ixtenco/main/pala.mp3	equipo Dämäʼó̱ni	Doña Esperanza Yonca Gaspar
Pan	Hměmpho̱	https://pub-efaeaafc25b0475bacb5c6b883e2ed43.r2.dev/don%20serafin/pan.mp3	equipo Dämäʼó̱ni	don serafin
Pañal	Mʼántʼi	URL	equipo Dämäʼó̱ni	Doña Esperanza Yonca Gaspar
Papa	Kʼápüxü	URL	equipo Dämäʼó̱ni	Doña Esperanza Yonca Gaspar
Papel	Tsu̱‌̀ kwä	https://raw.githubusercontent.com/damaonihokani-cyber/voz-Ixtenco/main/papel.mp3	equipo Dämäʼó̱ni	Doña Esperanza Yonca Gaspar
Patio	Thí	https://raw.githubusercontent.com/damaonihokani-cyber/voz-Ixtenco/main/patio.mp3	equipo Dämäʼó̱ni	Doña Esperanza Yonca Gaspar
Pato	Bǎdu	https://raw.githubusercontent.com/damaonihokani-cyber/voz-Ixtenco/main/pato.mp3	equipo Dämäʼó̱ni	Doña Esperanza Yonca Gaspar
Pelota	Nǘni	URL	equipo Dämäʼó̱ni	Doña Esperanza Yonca Gaspar
Perrito	Chikʼyó	URL	equipo Dämäʼó̱ni	Doña Esperanza Yonca Gaspar
Perro	ʼYó	https://raw.githubusercontent.com/damaonihokani-cyber/voz-Ixtenco/main/perro.mp3	equipo Dämäʼó̱ni	Doña Esperanza Yonca Gaspar
Pestaña	Xído	https://github.com/damaonihokani-cyber/voz-Ixtenco/raw/main/pesta%C3%B1a.mp3	equipo Dämäʼó̱ni	Doña Esperanza Yonca Gaspar
Petate	Xḯphi	https://raw.githubusercontent.com/damaonihokani-cyber/voz-Ixtenco/main/petate.mp3	equipo Dämäʼó̱ni	Doña Esperanza Yonca Gaspar
Pez	Hwä́	https://raw.githubusercontent.com/damaonihokani-cyber/voz-Ixtenco/main/pez.mp3	equipo Dämäʼó̱ni	Doña Esperanza Yonca Gaspar
Pie	Gwá	https://raw.githubusercontent.com/damaonihokani-cyber/voz-Ixtenco/main/pie.mp3	equipo Dämäʼó̱ni	Doña Esperanza Yonca Gaspar
Piedra	Dó	https://github.com/damaonihokani-cyber/voz-Ixtenco/raw/main/piedra.mp3	equipo Dämäʼó̱ni	Doña Esperanza Yonca Gaspar
Pierna	Xǐnthe	URL	equipo Dämäʼó̱ni	Doña Esperanza Yonca Gaspar
Pinole	ʼMótʼi	URL	equipo Dämäʼó̱ni	Doña Esperanza Yonca Gaspar
Pizcalón	Nthóki	https://raw.githubusercontent.com/damaonihokani-cyber/voz-Ixtenco/main/pizcal%C3%B3n.mp3	equipo Dämäʼó̱ni	Doña Esperanza Yonca Gaspar
Pizcar	Tshǒpho	URL	equipo Dämäʼó̱ni	Doña Esperanza Yonca Gaspar
Plato	Mánza	URL	equipo Dämäʼó̱ni	Doña Esperanza Yonca Gaspar
Pollito	Chikʼó̱ni	URL	equipo Dämäʼó̱ni	Doña Esperanza Yonca Gaspar
Pollo	ʼÓ̱ni	https://raw.githubusercontent.com/damaonihokani-cyber/voz-Ixtenco/main/pollo.mp3	equipo Dämäʼó̱ni	Doña Esperanza Yonca Gaspar
Jagüey	Xáwe̱	URL	equipo Dämäʼó̱ni	Doña Esperanza Yonca Gaspar
Pozo	Khu̱‌̀tsʼi	https://raw.githubusercontent.com/damaonihokani-cyber/voz-Ixtenco/1e2d3a553b0b648dc958562175c2d555b35a9523/pozo.mp3	equipo Dämäʼó̱ni	Doña Esperanza Yonca Gaspar
Prementina (sabia)	Bópo	URL	equipo Dämäʼó̱ni	Doña Esperanza Yonca Gaspar
Pueblo	Hníni	URL	equipo Dämäʼó̱ni	Doña Esperanza Yonca Gaspar
Puerco	Bǐzu	https://raw.githubusercontent.com/damaonihokani-cyber/voz-Ixtenco/1e2d3a553b0b648dc958562175c2d555b35a9523/puerco.mp3	equipo Dämäʼó̱ni	Doña Esperanza Yonca Gaspar
Puerta	Nikhǘtʼi	URL	equipo Dämäʼó̱ni	Doña Esperanza Yonca Gaspar
Pulque	Tshë̀i	https://raw.githubusercontent.com/damaonihokani-cyber/voz-Ixtenco/main/pulque.mp3	equipo Dämäʼó̱ni	Doña Esperanza Yonca Gaspar
Pulsera	Mphòʼye̱	URL	equipo Dämäʼó̱ni	Doña Esperanza Yonca Gaspar
Quelite	Gǐnkʼani	URL	equipo Dämäʼó̱ni	Doña Esperanza Yonca Gaspar
Quelite de trigo	Kʼǘkha	URL	equipo Dämäʼó̱ni	Doña Esperanza Yonca Gaspar
Quintonil	Xìtha	URL	equipo Dämäʼó̱ni	Doña Esperanza Yonca Gaspar
Rama	ʼYé̱za	URL	equipo Dämäʼó̱ni	Doña Esperanza Yonca Gaspar
Rascar	Tàki	https://raw.githubusercontent.com/damaonihokani-cyber/voz-Ixtenco/main/rascar.mp3	equipo Dämäʼó̱ni	Doña Esperanza Yonca Gaspar
Rebozo	Bǎyu	https://raw.githubusercontent.com/damaonihokani-cyber/voz-Ixtenco/main/rebozo.mp3	equipo Dämäʼó̱ni	Doña Esperanza Yonca Gaspar
Redondo	Ntsàntʼi	URL	equipo Dämäʼó̱ni	Doña Esperanza Yonca Gaspar
Refresco	ʼǙthe	https://raw.githubusercontent.com/damaonihokani-cyber/voz-Ixtenco/main/refresco.mp3	equipo Dämäʼó̱ni	Doña Esperanza Yonca Gaspar
rayo	Hwè̱i	URL	equipo Dämäʼó̱ni	Doña Esperanza Yonca Gaspar
Risa	Théde	URL	equipo Dämäʼó̱ni	Doña Esperanza Yonca Gaspar
Robar	Pë́	https://raw.githubusercontent.com/damaonihokani-cyber/voz-Ixtenco/main/robar.mp3	equipo Dämäʼó̱ni	Doña Esperanza Yonca Gaspar
Rodilla	Yä̀hmü	URL	equipo Dämäʼó̱ni	Doña Esperanza Yonca Gaspar
Ropa	Zé̱xo	URL	equipo Dämäʼó̱ni	Doña Esperanza Yonca Gaspar
Sabroso	Ku̱‌̌hi	https://raw.githubusercontent.com/damaonihokani-cyber/voz-Ixtenco/1e2d3a553b0b648dc958562175c2d555b35a9523/sabroso.mp3	equipo Dämäʼó̱ni	Doña Esperanza Yonca Gaspar
Sacerdote	Mòkhä	URL	equipo Dämäʼó̱ni	Doña Esperanza Yonca Gaspar
Sahumerio	Nthä́	URL	equipo Dämäʼó̱ni	Doña Esperanza Yonca Gaspar
Sal	ʼǙ	https://raw.githubusercontent.com/damaonihokani-cyber/voz-Ixtenco/main/sal.mp3	equipo Dämäʼó̱ni	Doña Esperanza Yonca Gaspar
Saliva	Khìni	URL	equipo Dämäʼó̱ni	Doña Esperanza Yonca Gaspar
Sangre	Khí	URL	equipo Dämäʼó̱ni	Doña Esperanza Yonca Gaspar
Segar	Hyě̱tʼi	URL	equipo Dämäʼó̱ni	Doña Esperanza Yonca Gaspar
Seis	ʼRáto	URL	equipo Dämäʼó̱ni	Doña Esperanza Yonca Gaspar
Señorita	Hmǜte	URL	equipo Dämäʼó̱ni	Doña Esperanza Yonca Gaspar
Siete	Yòto	URL	equipo Dämäʼó̱ni	Doña Esperanza Yonca Gaspar
Sol	Hyádi	https://raw.githubusercontent.com/damaonihokani-cyber/voz-Ixtenco/main/sol.mp3	equipo Dämäʼó̱ni	Doña Esperanza Yonca Gaspar
Sombrero	Phu̱‌̀i	https://raw.githubusercontent.com/damaonihokani-cyber/voz-Ixtenco/1e2d3a553b0b648dc958562175c2d555b35a9523/sombrero.mp3	equipo Dämäʼó̱ni	Doña Esperanza Yonca Gaspar
Soñar	Wḯ	https://raw.githubusercontent.com/damaonihokani-cyber/voz-Ixtenco/main/so%C3%B1ar.mp3	César Mújica Aparicio	Doña Esperanza Yonca Gaspar
Sordo	Tu̱‌́ngü	https://raw.githubusercontent.com/damaonihokani-cyber/voz-Ixtenco/main/sordo.mp3	equipo Dämäʼó̱ni	Doña Esperanza Yonca Gaspar
Su arena	Ráʼmòmü	URL	equipo Dämäʼó̱ni	Doña Esperanza Yonca Gaspar
Su cabeza	Rá yä́	URL	equipo Dämäʼó̱ni	Doña Esperanza Yonca Gaspar
Su casa	Rá ngǚ	URL	equipo Dämäʼó̱ni	Doña Esperanza Yonca Gaspar
Su ceniza	Rá ʼmòspi	URL	equipo Dämäʼó̱ni	Doña Esperanza Yonca Gaspar
escoba	ʼmàxi	URL	equipo Dämäʼó̱ni	Doña Esperanza Yonca Gaspar
Su gallina	Rá tsǚʼni	URL	equipo Dämäʼó̱ni	Doña Esperanza Yonca Gaspar
Su metate	Ŕ nikhu̱‌̌ ni	URL	equipo Dämäʼó̱ni	Doña Esperanza Yonca Gaspar
Su ojo	Rá dó	URL	equipo Dämäʼó̱ni	Doña Esperanza Yonca Gaspar
Su pinole	Rá ʼmótʼi	URL	equipo Dämäʼó̱ni	Doña Esperanza Yonca Gaspar
Surco	Thé	URL	equipo Dämäʼó̱ni	Doña Esperanza Yonca Gaspar
Tamal	Thë̀di	https://raw.githubusercontent.com/damaonihokani-cyber/voz-Ixtenco/main/tamal.mp3	equipo Dämäʼó̱ni	Doña Esperanza Yonca Gaspar
Búho	(tecolote) Túkúru	https://raw.githubusercontent.com/damaonihokani-cyber/voz-Ixtenco/1e2d3a553b0b648dc958562175c2d555b35a9523/tecolote.mp3	equipo Dämäʼó̱ni	Doña Esperanza Yonca Gaspar
Tejer	Pé	https://github.com/damaonihokani-cyber/voz-Ixtenco/raw/main/tejer.mp3	equipo Dämäʼó̱ni	Doña Esperanza Yonca Gaspar
Tejocote	Pé̱ ni	https://raw.githubusercontent.com/damaonihokani-cyber/voz-Ixtenco/main/tejocote.mp3	equipo Dämäʼó̱ni	Doña Esperanza Yonca Gaspar
Termina	Kwhádi	URL	equipo Dämäʼó̱ni	Doña Esperanza Yonca Gaspar
Texate	Gitshǐphi	URL	equipo Dämäʼó̱ni	Doña Esperanza Yonca Gaspar
Tierra	Hòi	https://raw.githubusercontent.com/damaonihokani-cyber/voz-Ixtenco/main/tierra.mp3	equipo Dämäʼó̱ni	Doña Esperanza Yonca Gaspar
Tío	ʼWě	https://github.com/damaonihokani-cyber/voz-Ixtenco/raw/main/t%C3%ADo.mp3	equipo Dämäʼó̱ni	Doña Esperanza Yonca Gaspar
Tizne	Nhyàdi	URL	equipo Dämäʼó̱ni	Doña Esperanza Yonca Gaspar
Tlacote	Thḯ	https://raw.githubusercontent.com/damaonihokani-cyber/voz-Ixtenco/main/tlacote.mp3	equipo Dämäʼó̱ni	Doña Esperanza Yonca Gaspar
Tlacuache	Däzu̱‌̌	https://raw.githubusercontent.com/damaonihokani-cyber/voz-Ixtenco/1e2d3a553b0b648dc958562175c2d555b35a9523/tlacuache.mp3	equipo Dämäʼó̱ni	Doña Esperanza Yonca Gaspar
Tlachiquero	ʼYǎphi 	URL	equipo Dämäʼó̱ni	Doña Esperanza Yonca Gaspar
Tlecuil	Gǒspi	https://raw.githubusercontent.com/damaonihokani-cyber/voz-Ixtenco/main/tlecuil.mp3	equipo Dämäʼó̱ni	Doña Esperanza Yonca Gaspar
fogón	Gǒspi	https://raw.githubusercontent.com/damaonihokani-cyber/voz-Ixtenco/main/tlecuil.mp3	equipo Dämäʼó̱ni	Doña Esperanza Yonca Gaspar
Todo	Góʼtʼitho	https://raw.githubusercontent.com/damaonihokani-cyber/voz-Ixtenco/main/todo.mp3	equipo Dämäʼó̱ni	Doña Esperanza Yonca Gaspar
Tortilla	Hmé	URL	equipo Dämäʼó̱ni	Doña Esperanza Yonca Gaspar
Tos	Thèhe 	URL	equipo Dämäʼó̱ni	Doña Esperanza Yonca Gaspar
Trabajo	ʼMè̱phi 	URL	equipo Dämäʼó̱ni	Doña Esperanza Yonca Gaspar
Tres	Hyǘ	URL	equipo Dämäʼó̱ni	Doña Esperanza Yonca Gaspar
Trigo	T'é̠i	https://github.com/damaonihokani-cyber/voz-Ixtenco/raw/main/trigo.mp3	equipo Dämäʼó̱ni	Doña Esperanza Yonca Gaspar
Tuna	Kä́hä	https://raw.githubusercontent.com/damaonihokani-cyber/voz-Ixtenco/main/tuna.mp3	equipo Dämäʼó̱ni	Doña Esperanza Yonca Gaspar
Tuza	Tsu̱‌̀bi	https://raw.githubusercontent.com/damaonihokani-cyber/voz-Ixtenco/main/tuza.mp3	equipo Dämäʼó̱ni	Doña Esperanza Yonca Gaspar
Vara	Tʼǒ 	URL	equipo Dämäʼó̱ni	Doña Esperanza Yonca Gaspar
Veinte	ʼRóte	URL	equipo Dämäʼó̱ni	Doña Esperanza Yonca Gaspar
Vela	Tu̱‌̌di	https://raw.githubusercontent.com/damaonihokani-cyber/voz-Ixtenco/main/vela.mp3	equipo Dämäʼó̱ni	Doña Esperanza Yonca Gaspar
Verde	Nkʼàngi	URL	equipo Dämäʼó̱ni	Doña Esperanza Yonca Gaspar
Víbora	Kʼë̀yä	URL	equipo Dämäʼó̱ni	Doña Esperanza Yonca Gaspar
Vidrio	Dòxito	https://raw.githubusercontent.com/damaonihokani-cyber/voz-Ixtenco/main/vidrio.mp3	equipo Dämäʼó̱ni	Doña Esperanza Yonca Gaspar
Viento	Ndä́hi	https://raw.githubusercontent.com/damaonihokani-cyber/voz-Ixtenco/main/viento.mp3	equipo Dämäʼó̱ni	Doña Esperanza Yonca Gaspar
Voz	Hyä́	URL	equipo Dämäʼó̱ni	Doña Esperanza Yonca Gaspar
Ya amaneció 	Bi hyátsʼi	URL	equipo Dämäʼó̱ni	Doña Esperanza Yonca Gaspar
Yunta	Yǔnda	URL	equipo Dämäʼó̱ni	Doña Esperanza Yonca Gaspar
Zacate (de milpa)	Xǐthä	https://raw.githubusercontent.com/damaonihokani-cyber/voz-Ixtenco/main/zacate%20de%20milpa.mp3	equipo Dämäʼó̱ni	Doña Esperanza Yonca Gaspar
Zapote	Mu̱‌̈́za 	https://raw.githubusercontent.com/damaonihokani-cyber/voz-Ixtenco/main/zapote.mp3	equipo Dämäʼó̱ni	Doña Esperanza Yonca Gaspar
bigote	Khú̱ni	URL	equipo Dämäʼó̱ni	Doña Esperanza Yonca Gaspar
bordar	wé̱di	https://raw.githubusercontent.com/damaonihokani-cyber/voz-Ixtenco/main/bordar.mp3	equipo Dämäʼó̱ni	Doña Esperanza Yonca Gaspar
Buenos días	texkihyä̌tsʼi	https://raw.githubusercontent.com/damaonihokani-cyber/voz-Ixtenco/main/buenos%20dias.mp3	equipo Dämäʼó̱ni	Doña Esperanza Yonca Gaspar
Guajolote	Dämäʼó̱ni	https://github.com/damaonihokani-cyber/voz-Ixtenco/raw/main/guajolote.mp3	equipo Dämäʼó̱ni	Doña Esperanza Yonca Gaspar
Raíz	ʼyu̱‌̌	https://raw.githubusercontent.com/damaonihokani-cyber/voz-Ixtenco/main/Ra%C3%ADz.mp3	equipo Dämäʼó̱ni	Doña Esperanza Yonca Gaspar
Acahual	Xó	https://raw.githubusercontent.com/damaonihokani-cyber/voz-Ixtenco/main/acahual.mp3	equipo Dämäʼó̱ni	Doña Esperanza Yonca Gaspar
Agua	Déhe	https://raw.githubusercontent.com/damaonihokani-cyber/voz-Ixtenco/main/agua.mp3	equipo Dämäʼó̱ni	Doña Esperanza Yonca Gaspar
Totola	Hókʼani	https://github.com/damaonihokani-cyber/voz-Ixtenco/raw/main/totola.mp3	equipo Dämäʼó̱ni	Doña Esperanza Yonca Gaspar
Mamá	(nǎna)o(ǜma)	https://github.com/damaonihokani-cyber/voz-Ixtenco/raw/main/mam%C3%A1.mp3	equipo Dämäʼó̱ni	Doña Esperanza Yonca Gaspar
Plaza	Nitòi	https://raw.githubusercontent.com/damaonihokani-cyber/voz-Ixtenco/main/mercado%2Cplaza.mp3	equipo Dämäʼó̱ni	Doña Esperanza Yonca Gaspar
Pulga	ʼó	https://raw.githubusercontent.com/damaonihokani-cyber/voz-Ixtenco/main/pulga.mp3	equipo Dämäʼó̱ni	Doña Esperanza Yonca Gaspar
luz	Tsìbi	https://raw.githubusercontent.com/damaonihokani-cyber/voz-Ixtenco/main/fuego.mp3	equipo Dämäʼó̱ni	Doña Esperanza Yonca Gaspar
zorro	ngén'yë́ʼi	url	equipo Dämäʼó̱ni	Doña Esperanza Yonca Gaspar
canasta	nku'tsí	url	equipo Dämäʼó̱ni	Doña Esperanza Yonca Gaspar
tienda	dyě̱nda	url	equipo Dämäʼó̱ni	Doña Esperanza Yonca Gaspar
hola pero es un de ver	handy 	url	equipo Dämäʼó̱ni	Doña Esperanza Yonca Gaspar
toro	ndòni	url	equipo Dämäʼó̱ni	Doña Esperanza Yonca Gaspar
mariposa 	mè̱di	url	equipo Dämäʼó̱ni	Doña Esperanza Yonca Gaspar
gracias 	Dǘgu̱tkʼükhwä	urh	equipo Dämäʼó̱ni	Doña Esperanza Yonca Gaspar
no	hína	url	equipo Dämäʼó̱ni	Doña Esperanza Yonca Gaspar
besó 	tsu̱‌́pʼi	url	equipo Dämäʼó̱ni	Doña Esperanza Yonca Gaspar
té gí ʼo̱tʼe	que haces	url	equipo Dämäʼó̱ni	Doña Esperanza Yonca Gaspar
te abla	nzókʼi	url	equipo Dämäʼó̱ni	Doña Esperanza Yonca Gaspar
que dices como estas	té gí nkha	url	equipo Dämäʼó̱ni	Doña Esperanza Yonca Gaspar
usted	ʼintsü	url	equipo Dämäʼó̱ni	Doña Esperanza Yonca Gaspar
como esta tu corazon 	té nkha ni mu̱‌̀i	url	equipo Dämäʼó̱ni	Doña Esperanza Yonca Gaspar
esta roto mi corazon 	xú xe̱ni ma mu̱‌̀iga	url	equipo Dämäʼó̱ni	Doña Esperanza Yonca Gaspar
Qué dices cómo estás 	té mä té gi nkha 	url	equipo Dämäʼó̱ni	Doña Esperanza Yonca Gaspar
dormir	ʼä̀hä	URL	equipo Dämäʼó̱ni	en espera
uno	nʼa	url	Mariana Solís  	en espera
no vino 	hin xpu̱‌ ʼyë́hi	url	Mariana Arellano 	en espara
1	nʼa	url	mariana solis	en espera
Ixtenco	Ǐxtʼë̀ngo  	url	La comunidad	en espera
bisabuela 	ʼmótsü	ur	Dämäʼó̱ni 	en espera
bisabuelo	ʼmódä̀ta 	ru	Dämäʼó̱ni 	en espera
tatarabuela	nchǐta	ur	Dämäʼó̱ni 	en espera
tatarabuelo	nchǐto 	ur	Dämäʼó̱ni 	en espera
tatarabuelo	bo̱pangǎnde	ur	Dämäʼó̱ni 	en espera
hija	tʼìxü	ur	Dämäʼó̱ni 	en espera
hijo	tʼu̱‌́	ur	Dämäʼó̱ni 	en espera
sueños	ʼWḯ 	https://pub-a5528d6d06434465ba62cceb96222326.r2.dev/pendientes/so_ar_don_manuel_1790180426575.m4a	César Mújica Aparicio	Don Manuel Mexicano 
vamonos	mǎga wí	ur	cristina	en espara
fuego 	Tsìbi 	ur	Dämäʼó̱ni 	en espera
qué quieres 	té gi ne	ʼǎ		
ya tengo hambre	dípoka thǔhú	url		
ya vamonos a comer	mé̱za thiwi	url		
totopo	kǔxti	https://pub-a5528d6d06434465ba62cceb96222326.r2.dev/pendientes/totopo_mi_abuelo_1790989682389.m4a	Dämäʼó̱ni 	Don Miguel Salvador Alonso
Quítate 	kóxtʼa 	https://pub-a5528d6d06434465ba62cceb96222326.r2.dev/pendientes/qu_tate_miguel_1790991366974.m4a	Dämäʼó̱ni 	Don Miguel Salvador Alonso
Espérame	tä́hmáma	https://pub-a5528d6d06434465ba62cceb96222326.r2.dev/pendientes/esperame_mi_abuelo_1790991540429.m4a	Dämäʼó̱ni 	Don Miguel Salvador Alonso
Buenas tardes	téxkède			Don Miguel Salvador Alonso
abeja	Gáne	https://pub-90a8c1bca0f44f1d89fd678b0c2c0c9d.r2.dev/do%C3%B1a%20esperanza1/abeja.mp3	Dämäʼó̱ni 	Doña Esperanza Yonca Gaspar
tempoxa	Nthǘne	https://pub-90a8c1bca0f44f1d89fd678b0c2c0c9d.r2.dev/do%C3%B1a%20esperanza/tempoxa.mp3	Dämäʼó̱ni 	Doña Esperanza Yonca Gaspar
media	Ntʼókwʼa			
Coraje 	Kwé̱	https://pub-90a8c1bca0f44f1d89fd678b0c2c0c9d.r2.dev/do%C3%B1a%20esperanza1/enojo%2Ccoraje.mp3	Dämäʼó̱ni 	Doña Esperanza Yonca Gaspar